"Activity Date","Process Date","Settle Date","Instrument","Description","Trans Code","Quantity","Price","Amount"
"7/13/2026","7/13/2026","7/14/2026","SPXW","SPXW 8/3/2026 Put $7,425.00","BTO","1","$48.71","($4,871.98)"
"7/13/2026","7/13/2026","7/14/2026","SPXW","SPXW 8/3/2026 Put $7,410.00","STO","2","$45.54","$9,106.04"
"7/13/2026","7/13/2026","7/14/2026","SPXW","SPXW 8/3/2026 Put $7,370.00","BTO","1","$38.17","($3,817.98)"
"7/13/2026","7/13/2026","7/14/2026","XOVR","XOVR 7/17/2026 Call $18.00","STC","1","$2.65","$264.94"
"7/13/2026","7/13/2026","7/14/2026","ONDS","Ondas Inc.
CUSIP: 68236H204","Buy","1","$7.10","($7.10)"
"7/13/2026","7/13/2026","7/13/2026","","Aggregated Margin Rate","MINT","","","($92.88)"
"7/10/2026","7/10/2026","7/13/2026","SPXW","SPXW 7/22/2026 Put $7,225.00","STC","1","$4.30","$429.02"
"7/10/2026","7/10/2026","7/13/2026","SPXW","SPXW 7/22/2026 Put $7,300.00","STC","1","$6.76","$675.02"
"7/10/2026","7/10/2026","7/13/2026","SPXW","SPXW 7/22/2026 Put $7,275.00","BTC","2","$5.78","($1,157.96)"
"7/8/2026","7/8/2026","7/9/2026","SPXW","SPXW 7/29/2026 Put $7,200.00","BTO","1","$38.55","($3,855.98)"
"7/8/2026","7/8/2026","7/9/2026","SPXW","SPXW 7/29/2026 Put $7,270.00","BTO","1","$50.10","($5,010.98)"
"7/8/2026","7/8/2026","7/9/2026","SPXW","SPXW 7/29/2026 Put $7,250.00","STO","2","$46.45","$9,288.04"
"7/8/2026","7/8/2026","7/9/2026","RPD","Rapid7
CUSIP: 753422104","Sell","170","$10.97","$1,864.83"
"7/7/2026","7/7/2026","7/8/2026","SPXW","SPXW 7/10/2026 Put $7,260.00","STC","2","$1.57","$312.04"
"7/7/2026","7/7/2026","7/8/2026","SPXW","SPXW 7/10/2026 Put $7,270.00","BTC","2","$1.72","($345.96)"
"7/7/2026","7/7/2026","7/8/2026","SPXW","SPXW 7/10/2026 Put $7,260.00","STC","1","$1.57","$156.02"
"7/7/2026","7/7/2026","7/8/2026","SPXW","SPXW 7/10/2026 Put $7,270.00","BTC","1","$1.72","($172.98)"
"7/6/2026","7/6/2026","7/7/2026","SPX","SPX 7/17/2026 Put $7,340.00","BTO","3","$14.45","($4,338.15)"
"7/6/2026","7/6/2026","7/7/2026","SPX","SPX 7/17/2026 Put $7,360.00","STO","3","$16.55","$4,961.85"
"7/6/2026","7/6/2026","7/6/2026","EOSER","Eos Energy Enterprises, Inc. Right
CUSIP: 29415C127","SOFF","2","",""
"7/1/2026","7/1/2026","7/2/2026","SPXW","SPXW 7/2/2026 Put $7,215.00","STC","1","$0.30","$29.11"
"7/1/2026","7/1/2026","7/2/2026","SPXW","SPXW 7/2/2026 Put $7,230.00","BTC","1","$0.40","($40.89)"
"7/1/2026","7/1/2026","7/2/2026","SPXW","SPXW 7/2/2026 Put $7,215.00","STC","1","$0.30","$29.11"
"7/1/2026","7/1/2026","7/2/2026","SPXW","SPXW 7/2/2026 Put $7,230.00","BTC","1","$0.40","($40.89)"
"7/1/2026","7/1/2026","7/2/2026","SPXW","SPXW 7/2/2026 Put $7,215.00","STC","1","$0.30","$29.11"
"7/1/2026","7/1/2026","7/2/2026","SPXW","SPXW 7/2/2026 Put $7,230.00","BTC","1","$0.40","($40.89)"
"7/1/2026","7/1/2026","7/2/2026","BAM","Brookfield Asset Management
CUSIP: 113004105
Dividend Reinvestment","Buy","0.937959","$45.54","($42.71)"
"7/1/2026","7/1/2026","7/1/2026","UVIX","2x Long VIX Futures ETF
CUSIP: 92891H606","SPR","50.8044S","",""
"7/1/2026","7/1/2026","7/1/2026","UVIX","2x Long VIX Futures ETF
CUSIP: 92891H705","SPR","2.5402","",""
"6/30/2026","6/30/2026","6/30/2026","BAM","Cash Div: R/D 2026-05-29 P/D 2026-06-30 - 52 shares at 0.5025","CDIV","","","$26.13"
"6/30/2026","6/30/2026","6/30/2026","BAM","Manufactured Div: R/D 2026-05-29 P/D 2026-06-30 - 48 shares at 0.5025","MDIV","","","$20.50"
"6/30/2026","6/30/2026","6/30/2026","BAM","Foreign Tax Witholding at $7.54","DTAX","","","($3.92)"
"6/30/2026","6/30/2026","7/1/2026","SPXW","SPXW 7/10/2026 Put $7,260.00","BTO","3","$12.85","($3,857.94)"
"6/30/2026","6/30/2026","7/1/2026","SPXW","SPXW 7/10/2026 Put $7,270.00","STO","3","$13.70","$4,107.06"
"6/29/2026","6/29/2026","6/30/2026","SPXW","SPXW 7/22/2026 Put $7,300.00","BTO","1","$70.37","($7,037.98)"
"6/29/2026","6/29/2026","6/30/2026","SPXW","SPXW 7/22/2026 Put $7,275.00","STO","2","$64.12","$12,822.04"
"6/29/2026","6/29/2026","6/30/2026","SPXW","SPXW 7/22/2026 Put $7,225.00","BTO","1","$53.32","($5,332.98)"
"6/26/2026","6/26/2026","6/29/2026","SPXW","Option Expiration for SPXW 6/26/2026 Put $7,340.00","OEXP","3","",""
"6/26/2026","6/26/2026","6/29/2026","SPXW","Option Expiration for SPXW 6/26/2026 Put $7,330.00","OEXP","3S","",""
"6/22/2026","6/22/2026","6/23/2026","SPXW","SPXW 7/2/2026 Put $7,230.00","STO","3","$18.80","$5,637.06"
"6/22/2026","6/22/2026","6/23/2026","SPXW","SPXW 7/2/2026 Put $7,215.00","BTO","3","$17.35","($5,207.94)"
"6/22/2026","6/22/2026","6/22/2026","","Transfer from Brokerage to Brokerage","ITRF","","","$3,000.00"
"6/17/2026","6/17/2026","6/18/2026","RPD","RPD 6/18/2026 Call $6.00","OEXCS","8S","",""
"6/17/2026","6/17/2026","6/18/2026","RPD","Rapid7
CUSIP: 753422104
8 RPD Options Exercised","Buy","800","$6.00","($4,800.00)"
"6/16/2026","6/16/2026","6/17/2026","SPXW","SPXW 6/26/2026 Put $7,315.00","STC","1","$15.10","$1,509.02"
"6/16/2026","6/16/2026","6/17/2026","SPXW","SPXW 6/26/2026 Put $7,340.00","BTC","1","$17.60","($1,760.98)"
"6/15/2026","6/15/2026","6/15/2026","","Event Contracts Inter-Entity Cash Transfer","FUTSWP","","","($4,999.52)"
"6/15/2026","6/15/2026","6/16/2026","SPXW","SPXW 6/26/2026 Put $7,315.00","BTO","1","$15.61","($1,561.98)"
"6/15/2026","6/15/2026","6/16/2026","SPXW","SPXW 6/26/2026 Put $7,340.00","BTC","1","$18.13","($1,813.98)"
"6/15/2026","6/15/2026","6/16/2026","SPXW","SPXW 6/26/2026 Put $7,330.00","STC","2","$16.97","$3,392.04"
"6/15/2026","6/15/2026","6/16/2026","SPXW","SPXW 6/26/2026 Put $7,330.00","BTO","2","$16.27","($3,255.96)"
"6/15/2026","6/15/2026","6/16/2026","SPXW","SPXW 6/26/2026 Put $7,340.00","STO","2","$17.22","$3,442.04"
"6/15/2026","6/15/2026","6/16/2026","SPXW","SPXW 6/26/2026 Put $7,330.00","BTO","3","$16.25","($4,877.94)"
"6/15/2026","6/15/2026","6/16/2026","SPXW","SPXW 6/26/2026 Put $7,340.00","STO","3","$17.25","$5,172.06"
"6/15/2026","6/15/2026","6/15/2026","","Aggregated Margin Rate","MINT","","","($71.93)"
"6/12/2026","6/12/2026","6/15/2026","SPXW","Option Expiration for SPXW 6/12/2026 Put $7,405.00","OEXP","3","",""
"6/12/2026","6/12/2026","6/15/2026","SPXW","Option Expiration for SPXW 6/12/2026 Put $7,390.00","OEXP","3S","",""
"6/12/2026","6/12/2026","6/15/2026","SPCX","SpaceX
CUSIP: 84615Q103
Primary Issue","Buy","1","$135.00","($135.00)"
"6/12/2026","6/12/2026","6/15/2026","SPCX","SpaceX
CUSIP: 84615Q103","Buy","5","$164.65","($823.25)"
"6/9/2026","6/9/2026","6/10/2026","XOVR","XOVR 7/17/2026 Call $18.00","BTO","1","$3.50","($350.04)"
"6/8/2026","6/8/2026","6/9/2026","MARA","MARA Holdings
CUSIP: 565788106","Buy","5","$12.80","($64.00)"
"6/8/2026","6/8/2026","6/9/2026","BMNR","BitMine Immersion Technologies
CUSIP: 09175A206","Buy","5","$16.57","($82.85)"
"6/8/2026","6/8/2026","6/8/2026","","Transfer from Brokerage to Brokerage","ITRF","","","($1,000.00)"
"6/5/2026","6/5/2026","6/8/2026","SPXW","Option Expiration for SPXW 6/5/2026 Put $7,310.00","OEXP","5","",""
"6/5/2026","6/5/2026","6/8/2026","SPXW","Option Expiration for SPXW 6/5/2026 Put $7,295.00","OEXP","5S","",""
"6/5/2026","6/5/2026","6/8/2026","MSFT","MSFT 6/26/2026 Call $340.00","STC","1","$84.10","$8,409.77"
"6/4/2026","6/4/2026","6/5/2026","","ACH Deposit","ACH","","","$1,000.00"
"6/2/2026","6/2/2026","6/2/2026","","Transfer from Brokerage to Brokerage","ITRF","","","$1,185.42"
"6/1/2026","6/1/2026","6/2/2026","SPXW","SPXW 6/12/2026 Put $7,390.00","BTO","3","$12.65","($3,797.94)"
"6/1/2026","6/1/2026","6/2/2026","SPXW","SPXW 6/12/2026 Put $7,405.00","STO","3","$13.90","$4,167.06"
"6/1/2026","6/1/2026","6/2/2026","RPD","RPD 6/18/2026 Call $6.00","BTO","8","$2.70","($2,160.32)"
"5/29/2026","5/29/2026","6/1/2026","TE","Option Expiration for TE 5/29/2026 Put $6.50","OEXP","1","",""
"5/28/2026","5/28/2026","5/29/2026","BLSH","Bullish
CUSIP: G16910120","Buy","89","$35.82","($3,187.98)"
"5/28/2026","5/28/2026","5/29/2026","HIMS","Hims & Hers Health
CUSIP: 433000106","Buy","200","$25.80","($5,160.18)"
"5/27/2026","5/27/2026","5/28/2026","TE","T1 Energy
CUSIP: 35834F104","Buy","100","$11.79","($1,178.67)"
"5/27/2026","5/27/2026","5/28/2026","TE","T1 Energy
CUSIP: 35834F104","Buy","100","$11.80","($1,179.84)"
"5/27/2026","5/27/2026","5/28/2026","TE","T1 Energy
CUSIP: 35834F104","Buy","100","$11.79","($1,179.34)"
"5/26/2026","5/26/2026","5/27/2026","SPXW","SPXW 6/5/2026 Put $7,295.00","BTO","5","$15.93","($7,969.90)"
"5/26/2026","5/26/2026","5/27/2026","SPXW","SPXW 6/5/2026 Put $7,310.00","STO","5","$17.53","$8,760.10"
"5/26/2026","5/26/2026","5/27/2026","TE","TE 5/29/2026 Put $6.50","STO","1","$0.05","$4.94"
"5/26/2026","5/26/2026","5/27/2026","HIVE","HIVE Digital Technologies Ltd.
CUSIP: 433921103","Buy","1","$4.29","($4.29)"
"5/26/2026","5/26/2026","5/27/2026","CLSK","CleanSpark
CUSIP: 18452B209","Buy","1","$16.52","($16.52)"
"5/26/2026","5/26/2026","5/27/2026","TE","T1 Energy
CUSIP: 35834F104","Buy","1","$8.52","($8.52)"
"5/22/2026","5/22/2026","5/26/2026","SPXW","Option Expiration for SPXW 5/22/2026 Put $7,170.00","OEXP","5","",""
"5/22/2026","5/22/2026","5/26/2026","SPXW","Option Expiration for SPXW 5/22/2026 Put $7,155.00","OEXP","5S","",""
"5/22/2026","5/22/2026","5/26/2026","SPXW","SPXW 5/29/2026 Put $7,130.00","STC","5","$3.30","$1,645.10"
"5/22/2026","5/22/2026","5/26/2026","SPXW","SPXW 5/29/2026 Put $7,140.00","BTC","5","$3.50","($1,754.90)"
"5/18/2026","5/18/2026","5/19/2026","SPXW","SPXW 5/29/2026 Put $7,130.00","BTO","5","$18.30","($9,154.90)"
"5/18/2026","5/18/2026","5/19/2026","SPXW","SPXW 5/29/2026 Put $7,140.00","STO","5","$19.30","$9,645.10"
"5/15/2026","5/15/2026","5/18/2026","SPX","Option Expiration for SPX 5/15/2026 Put $7,015.00","OEXP","5","",""
"5/15/2026","5/15/2026","5/18/2026","SPX","Option Expiration for SPX 5/15/2026 Put $7,005.00","OEXP","5S","",""
"5/14/2026","5/14/2026","5/15/2026","POET","POET Technologies
CUSIP: 73044W302","Sell","36","$19.61","$705.95"
"5/14/2026","5/14/2026","5/15/2026","POET","POET Technologies
CUSIP: 73044W302","Sell","7","$19.63","$137.41"
"5/14/2026","5/14/2026","5/15/2026","POET","POET Technologies
CUSIP: 73044W302","Sell","7","$19.63","$137.41"
"5/14/2026","5/14/2026","5/14/2026","","Aggregated Margin Rate","MINT","","","($35.91)"
"5/13/2026","5/13/2026","5/13/2026","AAPL","Cash Div: R/D 2026-05-11 P/D 2026-05-14 - 0.027138 shares at 0.27","CDIV","","","$0.01"
"5/13/2026","5/13/2026","5/14/2026","MSFT","MSFT 6/26/2026 Call $340.00","BTO","1","$68.05","($6,805.04)"
"5/11/2026","5/11/2026","5/12/2026","SPXW","SPXW 5/22/2026 Put $7,155.00","BTO","2","$15.87","($3,175.96)"
"5/11/2026","5/11/2026","5/12/2026","SPXW","SPXW 5/22/2026 Put $7,170.00","STO","2","$17.27","$3,452.04"
"5/11/2026","5/11/2026","5/12/2026","SPXW","SPXW 5/22/2026 Put $7,155.00","BTO","3","$15.87","($4,763.94)"
"5/11/2026","5/11/2026","5/12/2026","SPXW","SPXW 5/22/2026 Put $7,170.00","STO","3","$17.27","$5,178.06"
"5/1/2026","5/1/2026","5/4/2026","SPX","SPX 5/15/2026 Put $7,005.00","BTO","5","$15.27","($7,640.25)"
"5/1/2026","5/1/2026","5/4/2026","SPX","SPX 5/15/2026 Put $7,015.00","STO","5","$16.07","$8,029.75"
"5/1/2026","5/1/2026","5/4/2026","SPXW","SPXW 5/8/2026 Put $6,850.00","STC","5","$1.60","$795.10"
"5/1/2026","5/1/2026","5/4/2026","SPXW","SPXW 5/8/2026 Put $6,860.00","BTC","5","$1.75","($879.90)"
"4/28/2026","4/28/2026","4/29/2026","SPXW","SPXW 5/8/2026 Put $6,850.00","BTO","5","$15.27","($7,639.90)"
"4/28/2026","4/28/2026","4/29/2026","SPXW","SPXW 5/8/2026 Put $6,860.00","STO","5","$16.12","$8,055.10"
"4/24/2026","4/24/2026","4/27/2026","SPXW","SPXW 4/24/2026 Put $6,955.00","BTC","1","$0.27","($27.89)"
"4/24/2026","4/24/2026","4/27/2026","SPXW","SPXW 4/24/2026 Put $6,945.00","STC","1","$0.22","$21.11"
"4/24/2026","4/24/2026","4/27/2026","SPXW","SPXW 4/24/2026 Put $6,955.00","BTC","2","$0.27","($55.78)"
"4/24/2026","4/24/2026","4/27/2026","SPXW","SPXW 4/24/2026 Put $6,945.00","STC","2","$0.22","$42.22"
"4/24/2026","4/24/2026","4/27/2026","SPXW","SPXW 4/24/2026 Put $6,955.00","BTC","1","$0.27","($27.89)"
"4/24/2026","4/24/2026","4/27/2026","SPXW","SPXW 4/24/2026 Put $6,945.00","STC","1","$0.22","$21.11"
"4/24/2026","4/24/2026","4/27/2026","SPXW","SPXW 4/24/2026 Put $6,955.00","BTC","1","$0.27","($27.89)"
"4/24/2026","4/24/2026","4/27/2026","SPXW","SPXW 4/24/2026 Put $6,945.00","STC","1","$0.22","$21.11"
"4/17/2026","4/17/2026","4/20/2026","SPXW","SPXW 4/24/2026 Put $6,945.00","BTO","5","$11.40","($5,704.90)"
"4/17/2026","4/17/2026","4/20/2026","SPXW","SPXW 4/24/2026 Put $6,955.00","STO","5","$12.30","$6,145.10"
"4/17/2026","4/17/2026","4/20/2026","SPXW","SPXW 4/24/2026 Put $6,700.00","BTC","1","$2.35","($235.98)"
"4/17/2026","4/17/2026","4/20/2026","SPXW","SPXW 4/24/2026 Put $6,690.00","STC","1","$2.20","$219.02"
"4/17/2026","4/17/2026","4/20/2026","SPXW","SPXW 4/24/2026 Put $6,700.00","BTC","1","$2.35","($235.98)"
"4/17/2026","4/17/2026","4/20/2026","SPXW","SPXW 4/24/2026 Put $6,690.00","STC","1","$2.20","$219.02"
"4/17/2026","4/17/2026","4/20/2026","SPXW","SPXW 4/24/2026 Put $6,700.00","BTC","1","$2.35","($235.98)"
"4/17/2026","4/17/2026","4/20/2026","SPXW","SPXW 4/24/2026 Put $6,690.00","STC","1","$2.20","$219.02"
"4/17/2026","4/17/2026","4/20/2026","SPXW","SPXW 4/24/2026 Put $6,700.00","BTC","1","$2.35","($235.98)"
"4/17/2026","4/17/2026","4/20/2026","SPXW","SPXW 4/24/2026 Put $6,690.00","STC","1","$2.20","$219.02"
"4/17/2026","4/17/2026","4/20/2026","SPXW","SPXW 4/24/2026 Put $6,700.00","BTC","1","$2.35","($235.98)"
"4/17/2026","4/17/2026","4/20/2026","SPXW","SPXW 4/24/2026 Put $6,690.00","STC","1","$2.20","$219.02"
"4/17/2026","4/17/2026","4/20/2026","SPXW","SPXW 4/24/2026 Put $6,700.00","BTC","3","$2.35","($707.94)"
"4/17/2026","4/17/2026","4/20/2026","SPXW","SPXW 4/24/2026 Put $6,690.00","STC","3","$2.20","$657.06"
"4/14/2026","4/14/2026","4/15/2026","SPXW","SPXW 4/24/2026 Put $6,700.00","STO","8","$17.02","$13,608.16"
"4/14/2026","4/14/2026","4/15/2026","SPXW","SPXW 4/24/2026 Put $6,690.00","BTO","8","$16.07","($12,863.84)"
"4/14/2026","4/14/2026","4/14/2026","","Aggregated Margin Rate","MINT","","","($42.86)"
"4/13/2026","4/13/2026","4/14/2026","SPXW","SPXW 4/15/2026 Put $6,550.00","STC","2","$2.25","$448.04"
"4/13/2026","4/13/2026","4/14/2026","SPXW","SPXW 4/15/2026 Put $6,560.00","BTC","2","$2.55","($511.96)"
"4/13/2026","4/13/2026","4/14/2026","SPXW","SPXW 4/15/2026 Put $6,560.00","BTC","2","$2.55","($511.96)"
"4/13/2026","4/13/2026","4/14/2026","SPXW","SPXW 4/15/2026 Put $6,560.00","BTC","3","$2.55","($767.94)"
"4/13/2026","4/13/2026","4/14/2026","SPXW","SPXW 4/15/2026 Put $6,550.00","STC","3","$2.25","$672.06"
"4/13/2026","4/13/2026","4/14/2026","SPXW","SPXW 4/15/2026 Put $6,550.00","STC","2","$2.25","$448.04"
"4/8/2026","4/8/2026","4/9/2026","SPXW","SPXW 4/15/2026 Put $6,560.00","STO","1","$14.50","$1,449.02"
"4/8/2026","4/8/2026","4/9/2026","SPXW","SPXW 4/15/2026 Put $6,550.00","BTO","1","$13.70","($1,370.98)"
"4/8/2026","4/8/2026","4/9/2026","SPXW","SPXW 4/15/2026 Put $6,560.00","STO","1","$14.50","$1,449.02"
"4/8/2026","4/8/2026","4/9/2026","SPXW","SPXW 4/15/2026 Put $6,550.00","BTO","1","$13.70","($1,370.98)"
"4/8/2026","4/8/2026","4/9/2026","SPXW","SPXW 4/15/2026 Put $6,560.00","STO","1","$14.50","$1,449.02"
"4/8/2026","4/8/2026","4/9/2026","SPXW","SPXW 4/15/2026 Put $6,550.00","BTO","1","$13.70","($1,370.98)"
"4/8/2026","4/8/2026","4/9/2026","SPXW","SPXW 4/15/2026 Put $6,560.00","STO","2","$14.50","$2,898.04"
"4/8/2026","4/8/2026","4/9/2026","SPXW","SPXW 4/15/2026 Put $6,550.00","BTO","2","$13.70","($2,741.96)"
"4/8/2026","4/8/2026","4/9/2026","SPXW","SPXW 4/15/2026 Put $6,560.00","STO","2","$14.50","$2,898.04"
"4/8/2026","4/8/2026","4/9/2026","SPXW","SPXW 4/15/2026 Put $6,550.00","BTO","2","$13.70","($2,741.96)"
"3/31/2026","3/31/2026","3/31/2026","BAM","Cash Div: R/D 2026-02-27 P/D 2026-03-31 - 13 shares at 0.5025","CDIV","","","$6.53"
"3/31/2026","3/31/2026","3/31/2026","BAM","Manufactured Div: R/D 2026-02-27 P/D 2026-03-31 - 87 shares at 0.5025","MDIV","","","$37.16"
"3/31/2026","3/31/2026","3/31/2026","BAM","Foreign Tax Witholding at $7.54","DTAX","","","($0.98)"
"3/20/2026","3/20/2026","3/23/2026","SPXW","Option Expiration for SPXW 3/20/2026 Put $6,505.00","OEXP","5","",""
"3/20/2026","3/20/2026","3/23/2026","SPXW","Option Expiration for SPXW 3/20/2026 Put $6,495.00","OEXP","5S","",""
"3/20/2026","3/20/2026","3/23/2026","VIXM","VIXM 3/20/2026 Call $15.00","STC","1","$1.96","$195.95"
"3/20/2026","3/20/2026","3/23/2026","VIXM","VIXM 3/20/2026 Call $15.00","STC","2","$1.96","$391.91"
"3/16/2026","3/16/2026","3/16/2026","","Aggregated Margin Rate","MINT","","","($46.71)"
"3/10/2026","3/10/2026","3/11/2026","SPXW","SPXW 3/20/2026 Put $6,495.00","BTO","5","$22.12","($11,064.90)"
"3/10/2026","3/10/2026","3/11/2026","SPXW","SPXW 3/20/2026 Put $6,505.00","STO","5","$23.02","$11,505.10"
"3/6/2026","3/6/2026","3/9/2026","SPXW","SPXW 3/6/2026 Put $6,585.00","BTC","5","$1.92","($964.90)"
"3/6/2026","3/6/2026","3/9/2026","SPXW","SPXW 3/6/2026 Put $6,575.00","STC","5","$1.62","$805.10"
"3/3/2026","3/3/2026","3/3/2026","","Gold Plan Credit","GMPC","","","$14.66"
"2/27/2026","2/27/2026","3/2/2026","SPXW","Option Expiration for SPXW 2/27/2026 Put $6,665.00","OEXP","3","",""
"2/27/2026","2/27/2026","3/2/2026","SPXW","Option Expiration for SPXW 2/27/2026 Put $6,655.00","OEXP","3S","",""
"2/24/2026","2/24/2026","2/25/2026","SPXW","SPXW 3/6/2026 Put $6,585.00","STO","1","$18.70","$1,869.02"
"2/24/2026","2/24/2026","2/25/2026","SPXW","SPXW 3/6/2026 Put $6,575.00","BTO","1","$17.80","($1,780.98)"
"2/24/2026","2/24/2026","2/25/2026","SPXW","SPXW 3/6/2026 Put $6,585.00","STO","2","$18.70","$3,738.04"
"2/24/2026","2/24/2026","2/25/2026","SPXW","SPXW 3/6/2026 Put $6,575.00","BTO","2","$17.80","($3,561.96)"
"2/24/2026","2/24/2026","2/25/2026","SPXW","SPXW 3/6/2026 Put $6,585.00","STO","2","$18.70","$3,738.04"
"2/24/2026","2/24/2026","2/25/2026","SPXW","SPXW 3/6/2026 Put $6,575.00","BTO","2","$17.80","($3,561.96)"
"2/13/2026","2/13/2026","2/17/2026","SPXW","SPXW 2/13/2026 Put $6,770.00","BTC","1","$0.52","($52.89)"
"2/13/2026","2/13/2026","2/17/2026","SPXW","SPXW 2/13/2026 Put $6,770.00","BTC","1","$0.52","($52.89)"
"2/13/2026","2/13/2026","2/17/2026","SPXW","SPXW 2/13/2026 Put $6,760.00","STC","1","$0.42","$41.11"
"2/13/2026","2/13/2026","2/17/2026","SPXW","SPXW 2/13/2026 Put $6,760.00","STC","1","$0.42","$41.11"
"2/13/2026","2/13/2026","2/17/2026","SPXW","SPXW 2/13/2026 Put $6,770.00","BTC","1","$0.52","($52.89)"
"2/13/2026","2/13/2026","2/17/2026","SPXW","SPXW 2/13/2026 Put $6,770.00","BTC","1","$0.52","($52.89)"
"2/13/2026","2/13/2026","2/17/2026","SPXW","SPXW 2/13/2026 Put $6,760.00","STC","1","$0.42","$41.11"
"2/13/2026","2/13/2026","2/17/2026","SPXW","SPXW 2/13/2026 Put $6,770.00","BTC","1","$0.52","($52.89)"
"2/13/2026","2/13/2026","2/17/2026","SPXW","SPXW 2/13/2026 Put $6,760.00","STC","1","$0.42","$41.11"
"2/13/2026","2/13/2026","2/17/2026","SPXW","SPXW 2/13/2026 Put $6,760.00","STC","1","$0.42","$41.11"
"2/13/2026","2/13/2026","2/13/2026","","Aggregated Margin Rate","MINT","","","($52.94)"
"2/12/2026","2/12/2026","2/12/2026","AAPL","Cash Div: R/D 2026-02-09 P/D 2026-02-12 - 0.027138 shares at 0.26","CDIV","","","$0.01"
"2/9/2026","2/9/2026","2/10/2026","SPXW","SPXW 2/27/2026 Put $6,665.00","STO","3","$19.69","$5,904.06"
"2/9/2026","2/9/2026","2/10/2026","SPXW","SPXW 2/27/2026 Put $6,655.00","BTO","3","$18.94","($5,684.94)"
"2/6/2026","2/6/2026","2/6/2026","ASST","Strive, Inc.
CUSIP: 862945102","SPR","1000S","",""
"2/6/2026","2/6/2026","2/6/2026","ASST","Strive, Inc.
CUSIP: 862945300","SPR","50","",""
"2/2/2026","2/2/2026","2/3/2026","SPXW","SPXW 2/13/2026 Put $6,770.00","STO","1","$13.57","$1,356.02"
"2/2/2026","2/2/2026","2/3/2026","SPXW","SPXW 2/13/2026 Put $6,760.00","BTO","1","$12.82","($1,282.98)"
"2/2/2026","2/2/2026","2/3/2026","SPXW","SPXW 2/13/2026 Put $6,770.00","STO","1","$13.57","$1,356.02"
"2/2/2026","2/2/2026","2/3/2026","SPXW","SPXW 2/13/2026 Put $6,760.00","BTO","1","$12.82","($1,282.98)"
"2/2/2026","2/2/2026","2/3/2026","SPXW","SPXW 2/13/2026 Put $6,770.00","STO","1","$13.57","$1,356.02"
"2/2/2026","2/2/2026","2/3/2026","SPXW","SPXW 2/13/2026 Put $6,760.00","BTO","1","$12.82","($1,282.98)"
"2/2/2026","2/2/2026","2/3/2026","SPXW","SPXW 2/13/2026 Put $6,770.00","STO","2","$13.57","$2,712.04"
"2/2/2026","2/2/2026","2/3/2026","SPXW","SPXW 2/13/2026 Put $6,760.00","BTO","2","$12.82","($2,565.96)"
"2/2/2026","2/2/2026","2/3/2026","SPXW","SPXW 2/6/2026 Put $6,725.00","BTC","1","$2.55","($255.98)"
"2/2/2026","2/2/2026","2/3/2026","SPXW","SPXW 2/6/2026 Put $6,715.00","STC","1","$2.30","$229.02"
"2/2/2026","2/2/2026","2/3/2026","SPXW","SPXW 2/6/2026 Put $6,725.00","BTC","1","$2.55","($255.98)"
"2/2/2026","2/2/2026","2/3/2026","SPXW","SPXW 2/6/2026 Put $6,715.00","STC","1","$2.30","$229.02"
"2/2/2026","2/2/2026","2/3/2026","SPXW","SPXW 2/6/2026 Put $6,725.00","BTC","1","$2.55","($255.98)"
"2/2/2026","2/2/2026","2/3/2026","SPXW","SPXW 2/6/2026 Put $6,715.00","STC","1","$2.30","$229.02"
"2/2/2026","2/2/2026","2/3/2026","SPXW","SPXW 2/6/2026 Put $6,725.00","BTC","2","$2.55","($511.96)"
"2/2/2026","2/2/2026","2/3/2026","SPXW","SPXW 2/6/2026 Put $6,715.00","STC","2","$2.30","$458.04"
"1/27/2026","1/27/2026","1/28/2026","SPXW","SPXW 1/30/2026 Put $6,725.00","BTC","2","$2.45","($491.96)"
"1/27/2026","1/27/2026","1/28/2026","SPXW","SPXW 1/30/2026 Put $6,715.00","STC","2","$2.20","$438.04"
"1/27/2026","1/27/2026","1/28/2026","SPXW","SPXW 1/30/2026 Put $6,725.00","BTC","3","$2.45","($737.94)"
"1/27/2026","1/27/2026","1/28/2026","SPXW","SPXW 1/30/2026 Put $6,715.00","STC","3","$2.20","$657.06"
"1/26/2026","1/26/2026","1/27/2026","SPXW","SPXW 2/6/2026 Put $6,715.00","BTO","5","$12.82","($6,414.90)"
"1/26/2026","1/26/2026","1/27/2026","SPXW","SPXW 2/6/2026 Put $6,725.00","STO","5","$13.62","$6,805.10"
"1/22/2026","1/22/2026","1/23/2026","SPXW","SPXW 1/30/2026 Put $6,725.00","STO","1","$11.77","$1,176.02"
"1/22/2026","1/22/2026","1/23/2026","SPXW","SPXW 1/30/2026 Put $6,715.00","BTO","1","$10.92","($1,092.98)"
"1/22/2026","1/22/2026","1/23/2026","SPXW","SPXW 1/30/2026 Put $6,725.00","STO","1","$11.77","$1,176.02"
"1/22/2026","1/22/2026","1/23/2026","SPXW","SPXW 1/30/2026 Put $6,715.00","BTO","1","$10.92","($1,092.98)"
"1/22/2026","1/22/2026","1/23/2026","SPXW","SPXW 1/30/2026 Put $6,725.00","STO","1","$11.77","$1,176.02"
"1/22/2026","1/22/2026","1/23/2026","SPXW","SPXW 1/30/2026 Put $6,715.00","BTO","1","$10.92","($1,092.98)"
"1/22/2026","1/22/2026","1/23/2026","SPXW","SPXW 1/30/2026 Put $6,725.00","STO","2","$11.77","$2,352.04"
"1/22/2026","1/22/2026","1/23/2026","SPXW","SPXW 1/30/2026 Put $6,715.00","BTO","2","$10.92","($2,185.96)"
"1/22/2026","1/22/2026","1/23/2026","SPXW","SPXW 1/23/2026 Put $6,790.00","BTC","1","$1.84","($184.98)"
"1/22/2026","1/22/2026","1/23/2026","SPXW","SPXW 1/23/2026 Put $6,780.00","STC","1","$1.49","$148.02"
"1/22/2026","1/22/2026","1/23/2026","SPXW","SPXW 1/23/2026 Put $6,790.00","BTC","1","$1.84","($184.98)"
"1/22/2026","1/22/2026","1/23/2026","SPXW","SPXW 1/23/2026 Put $6,780.00","STC","1","$1.49","$148.02"
"1/22/2026","1/22/2026","1/23/2026","SPXW","SPXW 1/23/2026 Put $6,790.00","BTC","1","$1.84","($184.98)"
"1/22/2026","1/22/2026","1/23/2026","SPXW","SPXW 1/23/2026 Put $6,780.00","STC","1","$1.49","$148.02"
"1/22/2026","1/22/2026","1/23/2026","SPXW","SPXW 1/23/2026 Put $6,790.00","BTC","1","$1.84","($184.98)"
"1/22/2026","1/22/2026","1/23/2026","SPXW","SPXW 1/23/2026 Put $6,780.00","STC","1","$1.49","$148.02"
"1/22/2026","1/22/2026","1/23/2026","SPXW","SPXW 1/23/2026 Put $6,790.00","BTC","1","$1.84","($184.98)"
"1/22/2026","1/22/2026","1/23/2026","SPXW","SPXW 1/23/2026 Put $6,780.00","STC","1","$1.49","$148.02"
"1/22/2026","1/22/2026","1/23/2026","SPXW","SPXW 1/23/2026 Put $6,790.00","BTC","3","$1.84","($554.94)"
"1/22/2026","1/22/2026","1/23/2026","SPXW","SPXW 1/23/2026 Put $6,780.00","STC","3","$1.49","$444.06"
"1/22/2026","1/22/2026","1/23/2026","SPXW","SPXW 1/23/2026 Put $6,780.00","STC","1","$1.37","$136.02"
"1/22/2026","1/22/2026","1/23/2026","SPXW","SPXW 1/23/2026 Put $6,790.00","BTC","1","$1.67","($167.98)"
"1/20/2026","1/20/2026","1/21/2026","","ACH Deposit","ACH","","","$5,000.00"
"1/15/2026","1/15/2026","1/16/2026","CRCL","Circle Internet Group
CUSIP: 172573107","Buy","35","$77.81","($2,723.35)"
"1/14/2026","1/14/2026","1/14/2026","","Aggregated Margin Rate","MINT","","","($51.64)"
"1/12/2026","1/12/2026","1/13/2026","SPXW","SPXW 1/23/2026 Put $6,790.00","STO","9","$11.20","$10,071.18"
"1/12/2026","1/12/2026","1/13/2026","SPXW","SPXW 1/23/2026 Put $6,780.00","BTO","9","$10.40","($9,368.82)"
"1/9/2026","1/9/2026","1/12/2026","NU","Option Expiration for NU 1/9/2026 Call $18.00","OEXP","4S","",""
"1/9/2026","1/9/2026","1/12/2026","UVIX","Option Expiration for UVIX 1/9/2026 Call $5.50","OEXP","10S","",""
"1/8/2026","1/8/2026","1/9/2026","SPXW","SPXW 1/12/2026 Put $6,770.00","BTC","8","$2.05","($1,647.84)"
"1/8/2026","1/8/2026","1/9/2026","SPXW","SPXW 1/12/2026 Put $6,760.00","STC","8","$1.75","$1,392.16"
"1/8/2026","1/8/2026","1/9/2026","APLD","Applied Digital
CUSIP: 038169207","Buy","1","$33.00","($33.00)"
"1/7/2026","1/7/2026","1/7/2026","BLSH","Stock Lending","SLIP","","","$0.01"
"1/7/2026","1/7/2026","1/7/2026","FIG","Stock Lending","SLIP","","","$0.01"
"1/7/2026","1/7/2026","1/7/2026","POET","Stock Lending","SLIP","","","$0.01"
"1/7/2026","1/7/2026","1/7/2026","CRCL","Stock Lending","SLIP","","","$0.01"
"1/7/2026","1/7/2026","1/7/2026","ASST","Stock Lending","SLIP","","","$0.01"
"1/7/2026","1/7/2026","1/7/2026","BAM","Stock Lending","SLIP","","","$0.01"
"1/7/2026","1/7/2026","1/7/2026","FRMI","Stock Lending","SLIP","","","$0.01"
"1/7/2026","1/7/2026","1/7/2026","IMSR","Stock Lending","SLIP","","","$0.01"
"1/6/2026","1/6/2026","1/6/2026","","ACH REVERSAL","ACH","","","($150.00)"
"1/6/2026","1/6/2026","1/7/2026","NU","NU 1/9/2026 Call $18.00","BTO","4","$0.48","($192.16)"
"1/5/2026","1/5/2026","1/6/2026","SPXW","SPXW 1/12/2026 Put $6,770.00","STO","1","$7.50","$749.02"
"1/5/2026","1/5/2026","1/6/2026","SPXW","SPXW 1/12/2026 Put $6,760.00","BTO","1","$6.70","($670.98)"
"1/5/2026","1/5/2026","1/6/2026","SPXW","SPXW 1/12/2026 Put $6,770.00","STO","1","$7.50","$749.02"
"1/5/2026","1/5/2026","1/6/2026","SPXW","SPXW 1/12/2026 Put $6,760.00","BTO","1","$6.70","($670.98)"
"1/5/2026","1/5/2026","1/6/2026","SPXW","SPXW 1/12/2026 Put $6,770.00","STO","1","$7.50","$749.02"
"1/5/2026","1/5/2026","1/6/2026","SPXW","SPXW 1/12/2026 Put $6,760.00","BTO","1","$6.70","($670.98)"
"1/5/2026","1/5/2026","1/6/2026","SPXW","SPXW 1/12/2026 Put $6,770.00","STO","1","$7.50","$749.02"
"1/5/2026","1/5/2026","1/6/2026","SPXW","SPXW 1/12/2026 Put $6,760.00","BTO","1","$6.70","($670.98)"
"1/5/2026","1/5/2026","1/6/2026","SPXW","SPXW 1/12/2026 Put $6,770.00","STO","1","$7.50","$749.02"
"1/5/2026","1/5/2026","1/6/2026","SPXW","SPXW 1/12/2026 Put $6,760.00","BTO","1","$6.70","($670.98)"
"1/5/2026","1/5/2026","1/6/2026","SPXW","SPXW 1/12/2026 Put $6,770.00","STO","3","$7.50","$2,247.06"
"1/5/2026","1/5/2026","1/6/2026","SPXW","SPXW 1/12/2026 Put $6,760.00","BTO","3","$6.70","($2,012.94)"
"1/2/2026","1/2/2026","1/5/2026","","ACH Deposit","ACH","","","$150.00"
"1/2/2026","1/2/2026","1/2/2026","VIXI","Defiance Enhanced Long Vol ETF
CUSIP: 88636V686","SXCH","40S","",""
"1/2/2026","1/2/2026","1/2/2026","VIXI","Cash received thru Liquidation 40 shares at $12.06071776","LIQ","","","$482.43"
"1/2/2026","1/2/2026","1/2/2026","VIXI","Cash received thru Liquidation 40 shares at $0.04036","LIQ","","","$1.61"
"12/31/2025","12/31/2025","12/31/2025","","Interest Payment","INT","","","$5.29"
"12/29/2025","12/29/2025","12/30/2025","ASST","Strive, Inc.
CUSIP: 862945102","Buy","400","$0.81","($324.00)"
"12/26/2025","12/26/2025","12/29/2025","UVIX","UVIX 1/9/2026 Call $5.50","BTO","2","$0.60","($120.04)"
"12/26/2025","12/26/2025","12/29/2025","UVIX","UVIX 1/9/2026 Call $5.50","BTO","3","$0.62","($186.06)"
"12/26/2025","12/26/2025","12/29/2025","UVIX","UVIX 1/9/2026 Call $5.50","BTO","5","$0.62","($310.10)"
"12/26/2025","12/26/2025","12/29/2025","VIXM","VIXM 3/20/2026 Call $15.00","BTO","3","$1.15","($345.06)"
"12/23/2025","12/23/2025","12/24/2025","VIXI","Defiance Enhanced Long Vol ETF
CUSIP: 88636V686","Buy","40","$12.07","($482.80)"
"12/23/2025","12/23/2025","12/24/2025","UVIX","2x Long VIX Futures ETF
CUSIP: 92891H606","Buy","50.804403","$5.90","($300.00)"
"12/23/2025","12/23/2025","12/24/2025","VIXY","
CUSIP: 74347Y730","Buy","28.675205","$26.16","($750.00)"
"12/23/2025","12/23/2025","12/24/2025","VIXM","ProShares VIX Mid-Term Futures ETF
CUSIP: 74347W338","Buy","100.542931","$14.92","($1,500.00)"
"12/22/2025","12/22/2025","12/23/2025","NBIS","Nebius Group
CUSIP: N97284108","Buy","1","$92.75","($92.75)"
"12/19/2025","12/19/2025","12/22/2025","APLD","Applied Digital
CUSIP: 038169207","Buy","99","$28.05","($2,776.78)"
"12/19/2025","12/19/2025","12/22/2025","SPXW","SPXW 12/26/2025 Put $6,585.00","BTC","3","$2.58","($776.88)"
"12/19/2025","12/19/2025","12/22/2025","SPXW","SPXW 12/26/2025 Put $6,575.00","STC","3","$2.33","$696.12"
"12/19/2025","12/19/2025","12/22/2025","SPXW","SPXW 12/19/2025 Put $6,665.00","STC","4","$0.27","$104.52"
"12/19/2025","12/19/2025","12/22/2025","SPXW","SPXW 12/19/2025 Put $6,675.00","BTC","4","$0.32","($131.48)"
"12/18/2025","12/18/2025","12/19/2025","NVTS","Navitas Semiconductor
CUSIP: 63942X106","Buy","5","$7.73","($38.65)"
"12/18/2025","12/18/2025","12/19/2025","ASST","Strive, Inc.
CUSIP: 862945102","Buy","595","$0.86","($511.70)"
"12/18/2025","12/18/2025","12/19/2025","FRMI","Fermi
CUSIP: 314911108","Buy","80","$9.31","($744.80)"
"12/18/2025","12/18/2025","12/19/2025","POET","POET Technologies
CUSIP: 73044W302","Buy","99","$6.10","($603.90)"
"12/16/2025","12/16/2025","12/17/2025","SPXW","SPXW 12/26/2025 Put $6,575.00","BTO","3","$10.60","($3,182.88)"
"12/16/2025","12/16/2025","12/17/2025","SPXW","SPXW 12/26/2025 Put $6,585.00","STO","3","$11.35","$3,402.12"
"12/15/2025","12/15/2025","12/16/2025","BAM","Brookfield Asset Management
CUSIP: 113004105","Buy","98","$53.84","($5,276.81)"
"12/15/2025","12/15/2025","12/16/2025","CRCL","Circle Internet Group
CUSIP: 172573107","Buy","61","$77.58","($4,732.38)"
"12/15/2025","12/15/2025","12/16/2025","CRCL","Circle Internet Group
CUSIP: 172573107","Buy","20","$77.56","($1,551.20)"
"12/15/2025","12/15/2025","12/16/2025","","ACH Deposit","ACH","","","$150.00"
"12/15/2025","12/15/2025","12/15/2025","","Aggregated Margin Rate","MINT","","","($0.11)"
"12/11/2025","12/11/2025","12/12/2025","IREN","IREN Limited
CUSIP: Q4982L109","Buy","1","$43.70","($43.70)"
"12/11/2025","12/11/2025","12/12/2025","APLD","Applied Digital
CUSIP: 038169207","Buy","1","$30.45","($30.45)"
"12/11/2025","12/11/2025","12/12/2025","SPXW","SPXW 12/19/2025 Put $6,665.00","BTO","1","$14.97","($1,497.96)"
"12/11/2025","12/11/2025","12/12/2025","SPXW","SPXW 12/19/2025 Put $6,675.00","STO","1","$16.12","$1,611.04"
"12/11/2025","12/11/2025","12/12/2025","SPXW","SPXW 12/19/2025 Put $6,665.00","BTO","1","$14.97","($1,497.96)"
"12/11/2025","12/11/2025","12/12/2025","SPXW","SPXW 12/19/2025 Put $6,675.00","STO","1","$16.12","$1,611.04"
"12/11/2025","12/11/2025","12/12/2025","SPXW","SPXW 12/19/2025 Put $6,665.00","BTO","1","$14.97","($1,497.96)"
"12/11/2025","12/11/2025","12/12/2025","SPXW","SPXW 12/19/2025 Put $6,675.00","STO","1","$16.12","$1,611.04"
"12/11/2025","12/11/2025","12/12/2025","SPXW","SPXW 12/19/2025 Put $6,665.00","BTO","1","$14.97","($1,497.96)"
"12/11/2025","12/11/2025","12/12/2025","SPXW","SPXW 12/19/2025 Put $6,675.00","STO","1","$16.12","$1,611.04"
"12/10/2025","12/10/2025","12/11/2025","TSEM","Tower Semiconductor
CUSIP: M87915274","Buy","1","$123.93","($123.93)"
"12/10/2025","12/10/2025","12/11/2025","POET","POET Technologies
CUSIP: 73044W302","Buy","1","$6.82","($6.82)"
"12/9/2025","12/9/2025","12/10/2025","","ACH Deposit","ACH","","","$5,000.00"
"12/8/2025","12/8/2025","12/9/2025","GLXY","Galaxy Digital Inc.
CUSIP: 36317J209","Buy","1","$26.63","($26.63)"
"12/8/2025","12/8/2025","12/9/2025","EOSE","Eos Energy
CUSIP: 29415C101","Buy","2","$15.12","($30.24)"
"12/5/2025","12/5/2025","12/8/2025","SPXW","SPXW 12/12/2025 Put $6,615.00","BTC","1","$3.48","($348.96)"
"12/5/2025","12/5/2025","12/8/2025","SPXW","SPXW 12/12/2025 Put $6,605.00","STC","1","$3.18","$317.04"
"12/5/2025","12/5/2025","12/8/2025","SPXW","SPXW 12/12/2025 Put $6,615.00","BTC","2","$3.48","($697.92)"
"12/5/2025","12/5/2025","12/8/2025","SPXW","SPXW 12/12/2025 Put $6,605.00","STC","2","$3.18","$634.08"
"12/4/2025","12/4/2025","12/4/2025","BLSH","Stock Lending","SLIP","","","$0.01"
"12/4/2025","12/4/2025","12/4/2025","FRMI","Stock Lending","SLIP","","","$0.11"
"12/4/2025","12/4/2025","12/4/2025","FIG","Stock Lending","SLIP","","","$3.45"
"12/4/2025","12/4/2025","12/4/2025","IMSR","Stock Lending","SLIP","","","$0.01"
"12/4/2025","12/4/2025","12/4/2025","CRCL","Stock Lending","SLIP","","","$1.12"
"12/1/2025","12/1/2025","12/2/2025","SPXW","SPXW 12/12/2025 Put $6,615.00","STO","1","$19.54","$1,953.04"
"12/1/2025","12/1/2025","12/2/2025","SPXW","SPXW 12/12/2025 Put $6,605.00","BTO","1","$18.49","($1,849.96)"
"12/1/2025","12/1/2025","12/2/2025","SPXW","SPXW 12/12/2025 Put $6,615.00","STO","1","$19.54","$1,953.04"
"12/1/2025","12/1/2025","12/2/2025","SPXW","SPXW 12/12/2025 Put $6,605.00","BTO","1","$18.49","($1,849.96)"
"12/1/2025","12/1/2025","12/2/2025","SPXW","SPXW 12/12/2025 Put $6,615.00","STO","1","$19.54","$1,953.04"
"12/1/2025","12/1/2025","12/2/2025","SPXW","SPXW 12/12/2025 Put $6,605.00","BTO","1","$18.49","($1,849.96)"
"12/1/2025","12/1/2025","12/2/2025","SPXW","SPXW 12/12/2025 Put $6,615.00","BTC","1","$19.78","($1,978.96)"
"12/1/2025","12/1/2025","12/2/2025","SPXW","SPXW 12/12/2025 Put $6,605.00","STC","1","$18.63","$1,862.04"
"12/1/2025","12/1/2025","12/2/2025","SPXW","SPXW 12/12/2025 Put $6,615.00","BTC","1","$19.78","($1,978.96)"
"12/1/2025","12/1/2025","12/2/2025","SPXW","SPXW 12/12/2025 Put $6,605.00","STC","1","$18.63","$1,862.04"
"12/1/2025","12/1/2025","12/2/2025","SPXW","SPXW 12/12/2025 Put $6,615.00","BTC","1","$19.78","($1,978.96)"
"12/1/2025","12/1/2025","12/2/2025","SPXW","SPXW 12/12/2025 Put $6,605.00","STC","1","$18.63","$1,862.04"
"12/1/2025","12/1/2025","12/2/2025","SPXW","SPXW 12/12/2025 Put $6,615.00","STO","1","$19.62","$1,961.04"
"12/1/2025","12/1/2025","12/2/2025","SPXW","SPXW 12/12/2025 Put $6,605.00","BTO","1","$18.57","($1,857.96)"
"12/1/2025","12/1/2025","12/2/2025","SPXW","SPXW 12/12/2025 Put $6,615.00","STO","1","$19.62","$1,961.04"
"12/1/2025","12/1/2025","12/2/2025","SPXW","SPXW 12/12/2025 Put $6,605.00","BTO","1","$18.57","($1,857.96)"
"12/1/2025","12/1/2025","12/2/2025","SPXW","SPXW 12/12/2025 Put $6,615.00","STO","1","$19.62","$1,961.04"
"12/1/2025","12/1/2025","12/2/2025","SPXW","SPXW 12/12/2025 Put $6,605.00","BTO","1","$18.57","($1,857.96)"
"12/1/2025","12/1/2025","12/2/2025","","ACH Deposit","ACH","","","$150.00"
"11/28/2025","11/28/2025","12/1/2025","CRCL","Option Expiration for CRCL 11/28/2025 Put $68.00","OEXP","1","",""
"11/28/2025","11/28/2025","11/28/2025","","Interest Payment","INT","","","$9.48"
"11/28/2025","11/28/2025","12/1/2025","SPXW","SPXW 12/5/2025 Put $6,575.00","BTC","2","$4.40","($881.96)"
"11/28/2025","11/28/2025","12/1/2025","SPXW","SPXW 12/5/2025 Put $6,565.00","STC","2","$4.10","$818.04"
"11/28/2025","11/28/2025","12/1/2025","ASST","Strive, Inc.
CUSIP: 862945102","Buy","5","$1.17","($5.85)"
"11/28/2025","11/28/2025","12/1/2025","BAM","Brookfield Asset Management
CUSIP: 113004105","Buy","2","$52.00","($104.00)"
"11/25/2025","11/25/2025","11/26/2025","SPXW","SPXW 11/28/2025 Put $6,575.00","BTC","1","$4.73","($473.98)"
"11/25/2025","11/25/2025","11/26/2025","SPXW","SPXW 11/28/2025 Put $6,565.00","STC","1","$4.28","$427.02"
"11/25/2025","11/25/2025","11/26/2025","","ACH Deposit","ACH","","","$5,000.00"
"11/24/2025","11/24/2025","11/25/2025","SPXW","SPXW 12/5/2025 Put $6,575.00","STO","1","$35.79","$3,578.02"
"11/24/2025","11/24/2025","11/25/2025","SPXW","SPXW 12/5/2025 Put $6,565.00","BTO","1","$34.04","($3,404.98)"
"11/24/2025","11/24/2025","11/25/2025","SPXW","SPXW 12/5/2025 Put $6,575.00","STO","1","$35.79","$3,578.02"
"11/24/2025","11/24/2025","11/25/2025","SPXW","SPXW 12/5/2025 Put $6,565.00","BTO","1","$34.04","($3,404.98)"
"11/24/2025","11/24/2025","11/25/2025","CRCL","CRCL 11/28/2025 Put $68.00","STO","1","$1.32","$131.95"
"11/21/2025","11/21/2025","11/24/2025","IMSR","IMSR 11/21/2025 Put $20.00","OASGN","1","",""
"11/21/2025","11/21/2025","11/24/2025","IMSR","Terrestrial Energy
CUSIP: 881454102
1 IMSR Option Assigned","Buy","100","$20.00","($2,000.00)"
"11/20/2025","11/20/2025","11/21/2025","IMSR","IMSR 11/21/2025 Put $20.00","OASGN","1","",""
"11/20/2025","11/20/2025","11/21/2025","IMSR","Terrestrial Energy
CUSIP: 881454102
1 IMSR Option Assigned","Buy","100","$20.00","($2,000.00)"
"11/17/2025","11/17/2025","11/18/2025","SPXW","SPXW 11/28/2025 Put $6,575.00","STO","1","$54.32","$5,431.02"
"11/17/2025","11/17/2025","11/18/2025","SPXW","SPXW 11/28/2025 Put $6,565.00","BTO","1","$51.82","($5,182.98)"
"11/17/2025","11/17/2025","11/17/2025","","Aggregated Margin Rate","MINT","","","($3.13)"
"11/17/2025","11/17/2025","11/18/2025","","ACH Deposit","ACH","","","$150.00"
"11/14/2025","11/14/2025","11/17/2025","SPXW","SPXW 11/14/2025 Put $6,850.00","OASGN","1","",""
"11/14/2025","11/14/2025","11/17/2025","SPXW","Option Maturity: Cash Component","OCC","","","($11,589.00)"
"11/14/2025","11/14/2025","11/17/2025","SPXW","SPXW 11/14/2025 Put $6,845.00","OEXCS","1S","",""
"11/14/2025","11/14/2025","11/17/2025","SPXW","Option Maturity: Cash Component","OCC","","","$11,089.00"
"11/13/2025","11/13/2025","11/14/2025","CRCL","CRCL 11/14/2025 Put $117.00","OASGN","1","",""
"11/13/2025","11/13/2025","11/14/2025","CRCL","Circle Internet Group
CUSIP: 172573107
1 CRCL Option Assigned","Buy","100","$117.00","($11,700.00)"
"11/13/2025","11/13/2025","11/13/2025","AAPL","Cash Div: R/D 2025-11-10 P/D 2025-11-13 - 0.027138 shares at 0.26","CDIV","","","$0.01"
"11/11/2025","11/11/2025","11/13/2025","","ACH Deposit","ACH","","","$100.00"
"11/7/2025","11/7/2025","11/7/2025","CRCL","Stock Lending","SLIP","","","$0.15"
"11/7/2025","11/7/2025","11/7/2025","FIG","Stock Lending","SLIP","","","$2.77"
"11/7/2025","11/7/2025","11/7/2025","BLSH","Stock Lending","SLIP","","","$0.01"
"11/7/2025","11/7/2025","11/7/2025","FRMI","Stock Lending","SLIP","","","$0.17"
"11/3/2025","11/3/2025","11/4/2025","CRCL","CRCL 11/14/2025 Put $117.00","STO","1","$9.50","$949.95"
"11/3/2025","11/3/2025","11/4/2025","SPXW","SPXW 11/14/2025 Put $6,850.00","STO","1","$62.37","$6,236.02"
"11/3/2025","11/3/2025","11/4/2025","SPXW","SPXW 11/14/2025 Put $6,845.00","BTO","1","$60.47","($6,047.98)"
"11/3/2025","11/3/2025","11/4/2025","","ACH Deposit","ACH","","","$150.00"
"10/31/2025","10/31/2025","10/31/2025","","Interest Payment","INT","","","$44.89"
"10/30/2025","10/30/2025","10/31/2025","","ACH Deposit","ACH","","","$200.00"
"10/29/2025","10/29/2025","10/29/2025","IMSR","IMSR 11/21/2025 Put $20.00","OCA","2S","",""
"10/29/2025","10/29/2025","10/29/2025","HOND","HOND 11/21/2025 Put $20.00","OCA","2","",""
"10/24/2025","10/24/2025","10/27/2025","CRCL","CRCL 10/24/2025 Call $133.00","OASGN","2","",""
"10/24/2025","10/24/2025","10/27/2025","CRCL","Circle Internet Group
CUSIP: 172573107
2 CRCL Options Assigned","Sell","200","$133.00","$26,599.97"
"10/22/2025","10/22/2025","10/22/2025","","August interest charge credit","MINT","","","$0.06"
"10/22/2025","10/22/2025","10/22/2025","","September interest charge credit","MINT","","","$1.34"
"10/22/2025","10/22/2025","10/22/2025","","July interest charge credit","MINT","","","$1.12"
"10/22/2025","10/22/2025","10/23/2025","CRCL","CRCL 10/24/2025 Call $133.00","STO","1","$1.19","$118.95"
"10/22/2025","10/22/2025","10/23/2025","CRCL","CRCL 10/24/2025 Call $133.00","STO","1","$1.19","$118.95"
"10/20/2025","10/20/2025","10/21/2025","HOND","HOND 11/21/2025 Put $20.00","STO","2","$2.40","$479.91"
"10/17/2025","10/17/2025","10/20/2025","CRCL","CRCL 10/17/2025 Put $130.00","OASGN","2","",""
"10/17/2025","10/17/2025","10/20/2025","CRCL","Circle Internet Group
CUSIP: 172573107
2 CRCL Options Assigned","Buy","200","$130.00","($26,000.00)"
"10/16/2025","10/16/2025","10/16/2025","","Aggregated Margin Rate","MINT","","","($2.50)"
"10/14/2025","10/14/2025","10/15/2025","CRCL","CRCL 10/17/2025 Put $130.00","STO","2","$2.27","$453.91"
"10/8/2025","10/8/2025","10/9/2025","","ACH Deposit","ACH","","","$15,000.00"
"10/7/2025","10/7/2025","10/9/2025","","ACH Deposit","ACH","","","$15,000.00"
"10/6/2025","10/6/2025","10/6/2025","CRCL","Stock Lending","SLIP","","","$0.01"
"10/6/2025","10/6/2025","10/6/2025","BLSH","Stock Lending","SLIP","","","$0.01"
"10/3/2025","10/3/2025","10/6/2025","OKLO","OKLO 10/3/2025 Call $127.00","OASGN","1","",""
"10/3/2025","10/3/2025","10/6/2025","OKLO","Oklo
CUSIP: 02156V109
1 OKLO Option Assigned","Sell","100","$127.00","$12,699.98"
"10/2/2025","10/2/2025","10/3/2025","OKLO","OKLO 10/3/2025 Call $127.00","STO","1","$2.03","$202.95"
"10/1/2025","10/1/2025","10/2/2025","FRMI","Fermi
CUSIP: 314911108
Primary Issue","Buy","20","$21.00","($420.00)"
"9/30/2025","9/30/2025","9/30/2025","","Interest Payment","INT","","","$2.65"
"9/26/2025","9/26/2025","9/29/2025","OKLO","OKLO 9/26/2025 Put $131.00","OASGN","1","",""
"9/26/2025","9/26/2025","9/29/2025","OKLO","Oklo
CUSIP: 02156V109
1 OKLO Option Assigned","Buy","100","$131.00","($13,100.00)"
"9/22/2025","9/22/2025","9/23/2025","OKLO","OKLO 9/26/2025 Put $131.00","STO","1","$5.85","$584.95"
"9/19/2025","9/19/2025","9/22/2025","FIG","Option Expiration for FIG 9/19/2025 Call $58.00","OEXP","1","",""
"9/19/2025","9/19/2025","9/22/2025","CRCL","CRCL 9/19/2025 Call $131.00","OASGN","1","",""
"9/19/2025","9/19/2025","9/22/2025","CRCL","Circle Internet Group
CUSIP: 172573107
1 CRCL Option Assigned","Sell","100","$131.00","$13,099.98"
"9/19/2025","9/19/2025","9/22/2025","SMR","SMR 9/19/2025 Call $40.00","OASGN","1","",""
"9/19/2025","9/19/2025","9/22/2025","SMR","NuScale Power
CUSIP: 67079K100
1 SMR Option Assigned","Sell","100","$40.00","$3,999.98"
"9/16/2025","9/16/2025","9/16/2025","","Aggregated Margin Rate","MINT","","","($18.47)"
"9/12/2025","9/12/2025","9/15/2025","CRCL","CRCL 9/12/2025 Call $118.00","BTC","1","$7.60","($760.04)"
"9/12/2025","9/12/2025","9/15/2025","CRCL","CRCL 9/19/2025 Call $131.00","STO","1","$3.90","$389.95"
"9/12/2025","9/12/2025","9/15/2025","SMR","SMR 9/12/2025 Call $36.00","BTC","1","$0.26","($26.04)"
"9/12/2025","9/12/2025","9/15/2025","SMR","SMR 9/19/2025 Call $40.00","STO","1","$0.31","$30.95"
"9/12/2025","9/12/2025","9/15/2025","FIG","FIG 9/19/2025 Call $58.00","STO","1","$0.70","$69.95"
"9/12/2025","9/12/2025","9/15/2025","FIG","FIG 9/12/2025 Call $54.00","BTC","1","$0.05","($5.04)"
"9/10/2025","9/10/2025","9/11/2025","SMR","SMR 9/12/2025 Call $36.00","STO","1","$0.36","$35.95"
"9/10/2025","9/10/2025","9/11/2025","FIG","FIG 9/12/2025 Call $54.00","STO","1","$0.39","$38.95"
"9/10/2025","9/10/2025","9/11/2025","CRCL","CRCL 9/12/2025 Call $118.00","STO","1","$1.19","$118.95"
"9/8/2025","9/8/2025","9/8/2025","CRCL","Stock Lending","SLIP","","","$0.01"
"9/8/2025","9/8/2025","9/8/2025","","2% crypto deposit match","MISC","","","$40.59"
"9/5/2025","9/5/2025","9/8/2025","CRCL","CRCL 9/5/2025 Put $114.00","OASGN","1","",""
"9/5/2025","9/5/2025","9/8/2025","CRCL","Circle Internet Group
CUSIP: 172573107
1 CRCL Option Assigned","Buy","100","$114.00","($11,400.00)"
"9/5/2025","9/5/2025","9/8/2025","FIG","Option Expiration for FIG 9/5/2025 Call $72.00","OEXP","1","",""
"9/5/2025","9/5/2025","9/8/2025","SMR","Option Expiration for SMR 9/5/2025 Call $37.50","OEXP","1","",""
"9/3/2025","9/3/2025","9/4/2025","CRCL","CRCL 9/5/2025 Put $114.00","STO","1","$1.26","$125.95"
"9/2/2025","9/2/2025","9/3/2025","SMR","SMR 9/5/2025 Call $37.50","STO","1","$0.36","$35.95"
"9/2/2025","9/2/2025","9/3/2025","FIG","FIG 9/5/2025 Call $72.00","STO","1","$1.40","$139.95"
"8/29/2025","8/29/2025","9/2/2025","FIG","Option Expiration for FIG 8/29/2025 Call $80.50","OEXP","1","",""
"8/29/2025","8/29/2025","9/2/2025","CRCL","CRCL 8/29/2025 Call $129.00","OASGN","1","",""
"8/29/2025","8/29/2025","9/2/2025","CRCL","Circle Internet Group
CUSIP: 172573107
1 CRCL Option Assigned","Sell","100","$129.00","$12,899.98"
"8/29/2025","8/29/2025","9/2/2025","SMR","Option Expiration for SMR 8/29/2025 Call $36.50","OEXP","1","",""
"8/29/2025","8/29/2025","8/29/2025","","Interest Payment","INT","","","$2.61"
"8/26/2025","8/26/2025","8/27/2025","CRCL","CRCL 8/29/2025 Call $129.00","STO","1","$2.28","$227.95"
"8/22/2025","8/22/2025","8/25/2025","CRCL","Option Expiration for CRCL 8/22/2025 Call $142.00","OEXP","1","",""
"8/22/2025","8/22/2025","8/25/2025","SMR","SMR 8/22/2025 Call $35.50","BTC","1","$0.03","($3.04)"
"8/22/2025","8/22/2025","8/25/2025","SMR","SMR 8/29/2025 Call $36.50","STO","1","$0.89","$88.95"
"8/22/2025","8/22/2025","8/25/2025","FIG","FIG 8/29/2025 Call $80.50","STO","1","$1.92","$191.95"
"8/22/2025","8/22/2025","8/25/2025","FIG","FIG 8/22/2025 Call $73.00","BTC","1","$4.47","($447.04)"
"8/19/2025","8/19/2025","8/20/2025","CRCL","CRCL 8/22/2025 Call $142.00","STO","1","$2.45","$244.95"
"8/19/2025","8/19/2025","8/20/2025","FIG","FIG 8/22/2025 Call $73.00","STO","1","$1.37","$136.95"
"8/19/2025","8/19/2025","8/20/2025","SMR","SMR 8/22/2025 Call $35.50","STO","1","$0.46","$45.95"
"8/18/2025","8/18/2025","8/18/2025","","Aggregated Margin Rate","MINT","","","($13.57)"
"8/15/2025","8/15/2025","8/18/2025","CRCL","Option Expiration for CRCL 8/15/2025 Call $175.00","OEXP","1","",""
"8/15/2025","8/15/2025","8/18/2025","FIG","Option Expiration for FIG 8/15/2025 Call $84.50","OEXP","1","",""
"8/15/2025","8/15/2025","8/18/2025","SMR","Option Expiration for SMR 8/15/2025 Call $42.00","OEXP","1","",""
"8/14/2025","8/14/2025","8/14/2025","AAPL","Cash Div: R/D 2025-08-11 P/D 2025-08-14 - 0.027138 shares at 0.26","CDIV","","","$0.01"
"8/13/2025","8/13/2025","8/14/2025","BLSH","Bullish
CUSIP: G16910120
Primary Issue","Buy","11","$37.00","($407.00)"
"8/11/2025","8/11/2025","8/12/2025","SMR","SMR 8/15/2025 Call $42.00","STO","1","$0.74","$73.95"
"8/11/2025","8/11/2025","8/12/2025","FIG","FIG 8/15/2025 Call $84.50","STO","1","$3.30","$329.95"
"8/11/2025","8/11/2025","8/12/2025","CRCL","CRCL 8/15/2025 Call $175.00","STO","1","$5.40","$539.95"
"8/8/2025","8/8/2025","8/11/2025","SMR","Option Expiration for SMR 8/8/2025 Call $45.00","OEXP","1","",""
"8/8/2025","8/8/2025","8/11/2025","CRCL","Option Expiration for CRCL 8/8/2025 Call $160.00","OEXP","1","",""
"8/7/2025","8/7/2025","8/7/2025","SMR","Stock Lending","SLIP","","","$0.01"
"8/7/2025","8/7/2025","8/7/2025","CRCL","Stock Lending","SLIP","","","$0.01"
"8/7/2025","8/7/2025","8/8/2025","CRCL","CRCL 8/8/2025 Call $160.00","STO","1","$1.81","$180.95"
"8/6/2025","8/6/2025","8/7/2025","CRCL","Circle Internet Group
CUSIP: 172573107","Buy","19","$152.00","($2,888.00)"
"8/4/2025","8/4/2025","8/5/2025","SMR","SMR 8/8/2025 Call $45.00","STO","1","$2.02","$201.95"
"8/1/2025","8/1/2025","8/4/2025","SMR","Option Expiration for SMR 8/1/2025 Call $54.00","OEXP","1","",""
"8/1/2025","8/1/2025","8/4/2025","FIG","Figma
CUSIP: 316841105","Buy","3","$134.50","($403.50)"
"8/1/2025","8/1/2025","8/4/2025","FIG","Figma
CUSIP: 316841105","Buy","95","$134.59","($12,786.05)"
"8/1/2025","8/1/2025","8/4/2025","FIG","Figma
CUSIP: 316841105","Buy","1","$136.35","($136.35)"
"7/31/2025","7/31/2025","7/31/2025","","Interest Payment","INT","","","$15.60"
"7/31/2025","7/31/2025","8/1/2025","FIG","Figma
CUSIP: 316841105","Buy","1","$33.00","($33.00)"
"7/28/2025","7/28/2025","7/29/2025","SMR","SMR 8/1/2025 Call $54.00","STO","1","$1.34","$133.95"
"7/25/2025","7/25/2025","7/28/2025","SMR","Option Expiration for SMR 7/25/2025 Call $53.00","OEXP","1","",""
"7/25/2025","7/25/2025","7/28/2025","OKLO","Option Expiration for OKLO 7/25/2025 Put $67.00","OEXP","2","",""
"7/25/2025","7/25/2025","7/28/2025","CRCL","Option Expiration for CRCL 7/25/2025 Call $250.00","OEXP","1","",""
"7/21/2025","7/21/2025","7/23/2025","","ACH Deposit","ACH","","","$1,267.00"
"7/21/2025","7/21/2025","7/22/2025","OKLO","OKLO 7/25/2025 Put $67.00","STO","2","$2.64","$527.91"
"7/21/2025","7/21/2025","7/22/2025","HIMS","Hims & Hers Health
CUSIP: 433000106","Sell","81","$50.40","$4,082.39"
"7/21/2025","7/21/2025","7/22/2025","HIMS","Hims & Hers Health
CUSIP: 433000106","Sell","119","$50.40","$5,997.58"
"7/18/2025","7/18/2025","7/21/2025","SOFI","Option Expiration for SOFI 7/18/2025 Put $20.50","OEXP","1","",""
"7/18/2025","7/18/2025","7/21/2025","HIMS","Option Expiration for HIMS 7/18/2025 Call $54.00","OEXP","2","",""
"7/18/2025","7/18/2025","7/21/2025","SMR","SMR 7/18/2025 Call $41.00","BTC","1","$9.25","($925.04)"
"7/18/2025","7/18/2025","7/21/2025","SMR","SMR 7/25/2025 Call $53.00","STO","1","$1.86","$185.95"
"7/18/2025","7/18/2025","7/21/2025","CRCL","CRCL 7/25/2025 Call $250.00","STO","1","$10.57","$1,056.95"
"7/18/2025","7/18/2025","7/21/2025","CRCL","CRCL 7/18/2025 Call $197.50","BTC","1","$36.00","($3,600.04)"
"7/18/2025","7/18/2025","7/18/2025","","Aggregated Margin Rate","MINT","","","($0.27)"
"7/15/2025","7/15/2025","7/16/2025","SOFI","SOFI 7/18/2025 Put $20.50","STO","1","$0.18","$17.95"
"7/14/2025","7/14/2025","7/15/2025","HIMS","HIMS 7/18/2025 Call $54.00","STO","2","$0.73","$145.91"
"7/14/2025","7/14/2025","7/15/2025","SMR","SMR 7/18/2025 Call $41.00","STO","1","$0.93","$92.95"
"7/14/2025","7/14/2025","7/15/2025","CRCL","CRCL 7/18/2025 Call $197.50","STO","1","$6.91","$690.95"
"7/11/2025","7/11/2025","7/14/2025","CRCL","CRCL 7/11/2025 Put $200.00","OASGN","1","",""
"7/11/2025","7/11/2025","7/14/2025","CRCL","Circle Internet Group
CUSIP: 172573107
1 CRCL Option Assigned","Buy","100","$200.00","($20,000.00)"
"7/11/2025","7/11/2025","7/14/2025","HIMS","HIMS 7/11/2025 Put $49.00","OASGN","2","",""
"7/11/2025","7/11/2025","7/14/2025","HIMS","Hims & Hers Health
CUSIP: 433000106
2 HIMS Options Assigned","Buy","200","$49.00","($9,800.00)"
"7/9/2025","7/9/2025","7/10/2025","HIMS","HIMS 7/11/2025 Put $49.00","STO","1","$0.76","$75.95"
"7/9/2025","7/9/2025","7/10/2025","HIMS","HIMS 7/11/2025 Put $49.00","STO","1","$0.76","$75.95"
"7/9/2025","7/9/2025","7/10/2025","CRCL","CRCL 7/11/2025 Put $200.00","STO","1","$5.05","$504.95"
"7/8/2025","7/8/2025","7/8/2025","SMR","Stock Lending","SLIP","","","$0.01"
"7/7/2025","7/7/2025","7/8/2025","","ACH Deposit","ACH","","","$3,800.00"
"7/3/2025","7/3/2025","7/7/2025","CRCL","Option Expiration for CRCL 7/3/2025 Put $185.00","OEXP","1","",""
"7/3/2025","7/3/2025","7/7/2025","SMR","Option Expiration for SMR 7/3/2025 Call $41.50","OEXP","1","",""
"7/2/2025","7/2/2025","7/3/2025","","ACH Deposit","ACH","","","$5,534.00"
"6/30/2025","6/30/2025","6/30/2025","","Interest Payment","INT","","","$12.06"
"6/30/2025","6/30/2025","7/1/2025","SMR","SMR 7/3/2025 Call $41.50","STO","1","$0.51","$50.95"
"6/30/2025","6/30/2025","7/1/2025","CRCL","CRCL 7/3/2025 Put $185.00","STO","1","$10.20","$1,019.95"
"6/27/2025","6/27/2025","6/30/2025","SMR","Option Expiration for SMR 6/27/2025 Put $36.50","OEXP","1","",""
"6/27/2025","6/27/2025","6/30/2025","SMR","Option Expiration for SMR 6/27/2025 Put $38.00","OEXP","1","",""
"6/27/2025","6/27/2025","6/30/2025","SMR","Option Expiration for SMR 6/27/2025 Call $41.00","OEXP","1","",""
"6/27/2025","6/27/2025","6/30/2025","OKLO","Option Expiration for OKLO 6/27/2025 Put $55.00","OEXP","1","",""
"6/26/2025","6/26/2025","6/27/2025","","ACH Deposit","ACH","","","$5,000.00"
"6/26/2025","6/26/2025","6/27/2025","OKLO","OKLO 6/27/2025 Put $55.00","STO","1","$1.08","$107.95"
"6/26/2025","6/26/2025","6/27/2025","","ACH Deposit","ACH","","","$5,451.00"
"6/23/2025","6/23/2025","6/24/2025","SMR","SMR 6/27/2025 Put $36.50","STO","1","$1.05","$104.95"
"6/23/2025","6/23/2025","6/24/2025","SMR","SMR 6/27/2025 Call $41.00","STO","1","$1.10","$109.95"
"6/23/2025","6/23/2025","6/24/2025","SMR","SMR 6/27/2025 Put $38.00","STO","1","$1.32","$131.95"
"6/20/2025","6/20/2025","6/23/2025","SMR","SMR 6/20/2025 Put $42.00","OASGN","1","",""
"6/20/2025","6/20/2025","6/23/2025","SMR","NuScale Power
CUSIP: 67079K100
1 SMR Option Assigned","Buy","100","$42.00","($4,200.00)"
"6/20/2025","6/20/2025","6/20/2025","","Gold Subscription Fee","GOLD","","","($50.00)"
"6/17/2025","6/17/2025","6/18/2025","SMR","SMR 6/27/2025 Put $31.00","BTC","1","$0.38","($38.04)"
"6/17/2025","6/17/2025","6/18/2025","SMR","SMR 6/27/2025 Put $30.00","BTC","1","$0.38","($38.04)"
"6/16/2025","6/16/2025","6/17/2025","SMR","SMR 6/20/2025 Put $42.00","STO","1","$1.33","$132.95"
"6/13/2025","6/13/2025","6/16/2025","SOFI","Option Expiration for SOFI 6/13/2025 Put $13.50","OEXP","1","",""
"6/11/2025","6/11/2025","6/12/2025","","ACH Deposit","ACH","","","$1,000.00"
"6/10/2025","6/10/2025","6/11/2025","","ACH Deposit","ACH","","","$1,000.00"
"6/9/2025","6/9/2025","6/10/2025","","ACH Deposit","ACH","","","$1,000.00"
"6/5/2025","6/5/2025","6/6/2025","SOFI","SOFI 6/13/2025 Put $13.50","STO","1","$0.38","$37.95"
"6/2/2025","6/2/2025","6/3/2025","SMR","SMR 6/27/2025 Put $31.00","STO","1","$2.51","$250.95"
"5/30/2025","5/30/2025","5/30/2025","","Interest Payment","INT","","","$5.54"
"5/30/2025","5/30/2025","6/2/2025","","ACH Deposit","ACH","","","$1,000.00"
"5/28/2025","5/28/2025","5/29/2025","SMR","SMR 6/27/2025 Put $30.00","STO","1","$1.62","$161.95"
"5/27/2025","5/27/2025","5/28/2025","","ACH Deposit","ACH","","","$1,000.00"
"5/20/2025","5/20/2025","5/21/2025","","ACH Deposit","ACH","","","$5,000.00"
"5/20/2025","5/20/2025","5/20/2025","AAPL","Apple
CUSIP: 037833100","REC","0.0271","",""
"5/19/2025","5/19/2025","5/20/2025","","ACH Deposit","ACH","","","$50.00"
""
"","","","","","","","","","The data provided is for informational purposes only. Please consult a professional tax service or personal tax advisor if you need instructions on how to calculate cost basis or questions regarding your specific tax situation. Reminder: This data does not include Robinhood Crypto or Robinhood Spending activity."
